StockKeepingUnit,TaxPolicy.$$Name$DefaultTaxTreatment.Name
QB-AEH-ENV,Default Tax Policy;Default Tax Policy
QB-AEH-CPU,Default Tax Policy;Default Tax Policy
QB-AEH-OBJ,Default Tax Policy;Default Tax Policy
QB-BMX-1050,Default Tax Policy;Default Tax Policy
QB-BMX-1053,Default Tax Policy;Default Tax Policy
QB-BDL-STND,Default Tax Policy;Default Tax Policy
QB-INTEL E5-2660,Default Tax Policy;Default Tax Policy
QB-INTEL E5-2667,Default Tax Policy;Default Tax Policy
QB-INTEL E5-2683,Default Tax Policy;Default Tax Policy
QB-MEM 32GB,Default Tax Policy;Default Tax Policy
QB-HD 1TB,Default Tax Policy;Default Tax Policy
QB-API,Default Tax Policy;Default Tax Policy
QB-COMPLETE,Default Tax Policy;Default Tax Policy
QB-HD 4TB,Default Tax Policy;Default Tax Policy
QB-MEM 8GB,Default Tax Policy;Default Tax Policy
QB-NET X710,Default Tax Policy;Default Tax Policy
QB-CMPC-5887,Default Tax Policy;Default Tax Policy
QB-CMPC-5888,Default Tax Policy;Default Tax Policy
QB-CMPC-5889,Default Tax Policy;Default Tax Policy
QB-CMPC-5890,Default Tax Policy;Default Tax Policy
QB-CMPC-5891,Default Tax Policy;Default Tax Policy
QB-CMPC-5892,Default Tax Policy;Default Tax Policy
QB-SUPP-1005,Default Tax Policy;Default Tax Policy
QB-SUPP-1000,Default Tax Policy;Default Tax Policy
QB-AUT-CRED,Default Tax Policy;Default Tax Policy
QB-API-PROD,Default Tax Policy;Default Tax Policy
QB-BDL-ENTR,Default Tax Policy;Default Tax Policy
QB-BDL-CRTL,Default Tax Policy;Default Tax Policy
QB-TRN-FUND,Default Tax Policy;Default Tax Policy
QB-TRN-ESSNTLS,Default Tax Policy;Default Tax Policy
QB-SRV-OG-PSH,Default Tax Policy;Default Tax Policy
QB-SRV-SOW,Default Tax Policy;Default Tax Policy
QB-INTEL E5-2609,Default Tax Policy;Default Tax Policy
QB-BDL-R750,Default Tax Policy;Default Tax Policy
TEST-SUB,Default Tax Policy;Default Tax Policy
QB-MEM 16GB,Default Tax Policy;Default Tax Policy
QB-HD 8TB,Default Tax Policy;Default Tax Policy
QB-HD 8TBSE,Default Tax Policy;Default Tax Policy
QB-BET X710SFP,Default Tax Policy;Default Tax Policy
QB-BDL-SRVC,Default Tax Policy;Default Tax Policy
QB-CMPC-5882,Default Tax Policy;Default Tax Policy
QB-BSSA-4303,Default Tax Policy;Default Tax Policy
QB-BSSA-4304,Default Tax Policy;Default Tax Policy
QB-PDU-2023,Default Tax Policy;Default Tax Policy
QB-PDU-2024,Default Tax Policy;Default Tax Policy
QB-PDU-2025,Default Tax Policy;Default Tax Policy
QB-PDU-2026,Default Tax Policy;Default Tax Policy
QB-PDU-2027,Default Tax Policy;Default Tax Policy
QB-PDU-2028,Default Tax Policy;Default Tax Policy
QB-PDU-2029,Default Tax Policy;Default Tax Policy
QB-NO-OSYS,Default Tax Policy;Default Tax Policy
QB-VMW-S,Default Tax Policy;Default Tax Policy
QB-VMW-E,Default Tax Policy;Default Tax Policy
QB-INST-1000,Default Tax Policy;Default Tax Policy
QB-SRV-OG-PSHC,Default Tax Policy;Default Tax Policy
QB-REDHAT,Default Tax Policy;Default Tax Policy
QB-VMW-D,Default Tax Policy;Default Tax Policy
QB-SUPP-2000,Default Tax Policy;Default Tax Policy
QB-FLO-ENTR,Default Tax Policy;Default Tax Policy
QB-MSG-ENTR,Default Tax Policy;Default Tax Policy
QB-PDU-2022,Default Tax Policy;Default Tax Policy
QB-API-PREP,Default Tax Policy;Default Tax Policy
QB-API-GOVT,Default Tax Policy;Default Tax Policy
QB-API-FLEX,Default Tax Policy;Default Tax Policy
QB-DAT-GRPH,Default Tax Policy;Default Tax Policy
QB-SRV-PD,Default Tax Policy;Default Tax Policy
QB-SRV-SAT,Default Tax Policy;Default Tax Policy
QB-SRV-PMN,Default Tax Policy;Default Tax Policy
QB-SRV-IMP,Default Tax Policy;Default Tax Policy
QB-SRV-ISE,Default Tax Policy;Default Tax Policy
QB-SRV-MEE,Default Tax Policy;Default Tax Policy
QB-SRV-QAE,Default Tax Policy;Default Tax Policy
QB-SRV-DNE,Default Tax Policy;Default Tax Policy
QB-API-MGMT,Default Tax Policy;Default Tax Policy
QB-FLO-STRT,Default Tax Policy;Default Tax Policy
QB-MSG-STRT,Default Tax Policy;Default Tax Policy
QB-DAT-THPT,Default Tax Policy;Default Tax Policy
QB-BSSA-4298,Default Tax Policy;Default Tax Policy
QB-BSSA-4300,Default Tax Policy;Default Tax Policy
QB-BSSA-4302,Default Tax Policy;Default Tax Policy
QB-BSSA-4306,Default Tax Policy;Default Tax Policy
QB-BSSA-4308,Default Tax Policy;Default Tax Policy
QB-BDL-RAXS,Default Tax Policy;Default Tax Policy
QB-SRV-QSE,Default Tax Policy;Default Tax Policy
QB-SRV-OG-AC-PSH,Default Tax Policy;Default Tax Policy
QB-SRV-AS,Default Tax Policy;Default Tax Policy
QB-STD-SP,Default Tax Policy;Default Tax Policy
QB-SRV-OG-PM-PSH,Default Tax Policy;Default Tax Policy
QB-SRV-PRM-SP,Default Tax Policy;Default Tax Policy
QB-API-REQT,Default Tax Policy;Default Tax Policy
QB-CMPC-5881,Default Tax Policy;Default Tax Policy
QB-CMPC-5883,Default Tax Policy;Default Tax Policy
QB-CMPC-5884,Default Tax Policy;Default Tax Policy
QB-BMX-1051,Default Tax Policy;Default Tax Policy
